words_in_post_title,frequency
ghost,50
story,35
experience,23
haunted,15
house,12
paranormal,10
true,8
first,8
home,8
friend,7
shadow,6
time,6
man,6
like,6
weird,6
spirit,6
creepy,6
black,5
something,5
bathroom,5
old,5
little,5
see,4
childhood,4
night,4
kid,4
school,4
boy,4
wanted,4
share,4
think,4
scary,4
hand,4
year,4
saw,4
strange,4
encounter,4
help,3
room,3
going,3
aunt,3
need,3
uncle,3
ago,3
seeing,3
part,3
person,3
podcast,3
really,3
new,3
el,3
one,3
happened,3
please,3
dog,3
basement,3
white,3
following,2
lived,2
grandmother,2
great,2
submission,2
passed,2
met,2
bedroom,2
death,2
alone,2
http,2
many,2
canal,2
halloween,2
de,2
dream,2
paralysis,2
tried,2
orleans,2
acting,2
whisper,2
dad,2
explanation,2
thing,2
sister,2
zine,2
guess,2
talk,2
lady,2
wood,2
anyone,2
heard,2
en,2
farm,2
thought,2
hear,2
completely,2
figure,2
sleep,2
give,2
look,2
looking,2
could,2
girl,2
dead,2
believe,2
starting,2
hello,2
someone,2
face,2
sighting,2
started,2
want,2
brother,2
feel,2
right,2
iso,2
haunting,2
tell,2
know,2
died,2
call,2
field,2
phone,2
experienced,2
hospital,2
nursing,2
u,2
relato,1
del,1
otro,1
link,1
pierdas,1
mi,1
car,1
ma,1
crashed,1
abandoned,1
train,1
station,1
believenearly,1
te,1
doppelganger,1
terror,1
con,1
obsesionado,1
whatsapp,1
appearance,1
directo,1
canyon,1
protected,1
driving,1
dogencounter,1
dance,1
youtall,1
peekaboo,1
entity,1
talking,1
dormthe,1
horrifying,1
encountered,1
helpshadow,1
ruth,1
named,1
afraid,1
behind,1
househome,1
neighbor,1
garage,1
mimic,1
anonymous,1
nile,1
ran,1
vínculo,1
open,1
sencillo,1
bastante,1
e,1
casa,1
tu,1
comodidad,1
la,1
desde,1
pódcast,1
participar,1
anímate,1
real,1
coat,1
long,1
briefcase,1
sunglass,1
hat,1
vividabandoned,1
detailed,1
extremely,1
follow,1
mental,1
monday,1
illness,1
tongue,1
wisconsin,1
island,1
rock,1
go,1
bullshit,1
adviceseances,1
storiescan,1
manipulationmy,1
sleeping,1
latin,1
speaking,1
bothell,1
touchsleep,1
villa,1
gladstone,1
hall,1
community,1
acted,1
apparitionthe,1
visible,1
silent,1
recording,1
interesting,1
hauntingas,1
head,1
liveit,1
nh,1
hillsboro,1
grime,1
bobby,1
friendhow,1
runner,1
portal,1
broadway,1
east,1
bored,1
scearyest,1
electronics,1
boyfriend,1
ex,1
ibiza,1
hotel,1
chain,1
occurences,1
disconnected,1
intercom,1
war,1
civil,1
wildest,1
bangingghost,1
outside,1
two,1
tomorrow,1
deadline,1
barrack,1
army,1
awayghost,1
wardrobe,1
bald,1
away,1
talked,1
daughter,1
apartment,1
november,1
student,1
son,1
made,1
sicknessa,1
abduction,1
monsteralmost,1
awake,1
pinched,1
creepsgetting,1
windowblack,1
sense,1
pm,1
loud,1
shoulderwhat,1
scarier,1
even,1
evil,1
heartwarming,1
mom,1
shadowsmy,1
moo,1
shared,1
land,1
family,1
touched,1
est,1
mansion,1
mackay,1
nv,1
city,1
virginia,1
read,1
information,1
find,1
trying,1
doorhouse,1
content,1
kept,1
paranoid,1
communicate,1
take,1
hearfrom,1
used,1
name,1
whispering,1
scared,1
futureghost,1
idea,1
wayan,1
aware,1
colby,1
realized,1
soon,1
fled,1
walkspirit,1
fan,1
supposedly,1
inherited,1
ghostsa,1
slept,1
sam,1
video,1
people,1
storiesi,1
insane,1
child,1
back,1
im,1
hatman,1
dish,1
washing,1
twin,1
spooned,1
experiencetrue,1
seems,1
believer,1
skeptic,1
went,1
nowhere,1
whistling,1
apartmentcreepiest,1
master,1
serve,1
background,1
die,1
spooky,1
grandfather,1
antique,1
angel,1
poltergiest,1
happy,1
cabin,1
cry,1
brazil,1
woman,1
stunned,1
mirror,1
unexpected,1
say,1
okay,1
irwin,1
ft,1
presence,1
mountain,1
weather,1
needed,1
board,1
ouija,1
brings,1
goodbyemy,1
liked,1
ever,1
shaped,1
tree,1
park,1
hyde,1
terrifying,1
daycare,1
setting,1
working,1
anything,1
medical,1
control,1
demon,1
favor,1
given,1
mine,1
buddy,1
would,1
exactly,1
theater,1
ceiling,1
apartmenti,1
probably,1
experienceswas,1
place,1
encountermy,1
spoke,1
roommate,1
lightpoltergeist,1
street,1
silhouette,1
horror,1
orb,1
hey,1
far,1
doppleganger,1
interrupting,1
devil,1
god,1
grandpa,1
backmy,1
week,1
blue,1
almost,1
best,1
husband,1
unexplained,1
experiencemy,1
last,1
knocking,1
road,1
espejosomething,1
algo,1
habia,1
corner,1
around,1
special,1
unsolved,1
tale,1
collab,1
jj,1
camp,1
kwjudas,1
gopro,1
investigation,1
estate,1
post,1
illustrated,1
testimony,1
diemy,1
happening,1
live,1
dress,1
next,1
medium,1
funeral,1
bed,1
decade,1
single,1
anxious,1
ther,1
picture,1
barnthe,1
activity,1
pole,1
ear,1
voice,1
photo,1
english,1
spell,1
idk,1
answered,1
fight,1
faceseeking,1
evidence,1
cemetery,1
estatechildhood,1
built,1
youtubei,1
door,1
staff,1
care,1
powerful,1
coincidence,1
channel,1
youtube,1
without,1
bloody,1
move,1
ball,1
dollsmy,1
bakery,1
jimmy,1
zozo,1
supernatural,1
reddit,1
toyspirit,1
dreamcatcher,1
