words_in_post_text,frequency
one,270
room,262
house,255
like,228
would,218
door,183
time,177
back,157
see,156
night,148
could,139
said,138
go,133
thing,132
year,125
saw,115
day,115
know,114
went,113
story,111
got,104
around,103
something,101
ghost,101
felt,100
get,100
heard,89
mom,89
old,88
even,87
friend,86
still,86
home,86
happened,84
u,81
someone,81
first,80
think,79
never,78
bed,77
bathroom,74
experience,74
sleep,72
told,71
right,69
started,68
going,68
tell,68
thought,68
hear,67
asked,67
looked,67
light,65
brother,64
little,64
building,63
really,63
left,63
feel,60
nothing,60
also,59
next,59
sister,58
kitchen,57
well,55
look,52
away,52
always,52
since,52
kid,52
make,51
anything,50
front,50
girl,50
feeling,49
man,49
living,49
turned,49
two,49
tv,48
say,48
spirit,48
let,48
moved,47
walking,47
looking,47
sure,47
came,46
remember,46
bedroom,46
paranormal,46
later,45
come,45
alone,45
find,44
open,44
dream,44
floor,44
eye,44
place,43
much,43
want,42
people,42
last,42
family,42
seen,41
weird,41
stair,41
behind,41
way,41
walked,41
window,41
outside,40
parent,40
anyone,40
maybe,40
dark,39
believe,39
close,39
call,39
second,38
decided,38
ever,37
move,37
noise,37
hallway,37
side,37
used,37
minute,36
black,36
getting,36
mother,35
though,35
shadow,34
found,34
long,34
basement,34
scared,34
another,34
dog,34
dad,34
coming,34
turn,33
made,33
start,33
inside,33
else,33
put,33
husband,32
lived,32
died,32
name,32
person,32
lot,32
trying,32
walk,32
point,31
talking,31
watching,31
figure,31
whatever,31
life,31
ago,31
guy,30
area,30
small,30
work,30
wall,30
standing,30
head,30
end,30
hand,30
sitting,30
mind,30
month,29
school,29
voice,29
strange,29
loud,28
leave,28
ran,28
haunted,28
week,27
sound,27
closed,27
everyone,27
live,27
late,26
white,26
grandma,26
playing,26
asleep,26
good,26
wanted,26
hall,26
roommate,26
every,26
phone,26
reason,26
sat,25
corner,25
suddenly,25
morning,25
saying,25
please,25
stay,25
bad,25
running,25
share,24
kind,24
woman,24
real,24
took,24
upstairs,24
try,24
immediately,24
called,24
part,23
post,23
older,23
downstairs,23
towards,23
either,23
age,23
thinking,23
soon,23
many,23
wood,23
different,22
happen,22
knew,22
pretty,22
check,21
woke,21
need,21
talk,21
take,21
young,21
cry,21
opened,21
boy,21
body,21
foot,21
mp,21
cousin,21
keep,21
use,21
big,20
uncle,20
picture,20
run,20
across,20
everything,20
might,20
moving,20
play,20
stopped,20
clear,19
younger,19
hour,19
gone,19
apartment,19
daughter,19
step,19
must,19
past,19
awake,19
wake,19
actually,19
new,19
sleeping,19
face,19
seemed,19
passed,19
able,19
freaked,18
ask,18
middle,18
three,18
completely,18
office,18
ca,18
built,18
stuff,18
top,18
watched,18
enough,18
finally,17
seeing,17
half,17
explain,17
moment,17
aunt,17
presence,17
sometimes,17
however,17
creepy,17
footstep,17
stayed,17
bit,16
anyway,16
kept,16
town,16
fast,16
sense,16
video,16
fear,16
true,16
tried,16
ball,16
curtain,16
explanation,15
noticed,15
lol,15
probably,15
death,15
locked,15
watch,15
worked,15
car,15
fan,15
incident,15
give,15
love,15
without,15
eventually,15
directly,15
water,15
show,15
grandmother,14
hello,14
tall,14
began,14
fell,14
needed,14
may,14
hey,14
similar,14
almost,14
neighbor,14
slept,14
hair,14
stop,14
laundry,14
energy,14
cemetery,14
stairwell,14
word,14
waiting,14
http,14
experienced,14
street,14
air,14
nobody,14
great,14
cat,13
often,13
blood,13
line,13
unit,13
early,13
coworker,13
heavy,13
boyfriend,13
hearing,13
shut,13
idea,13
far,13
issue,13
answer,13
photo,13
closet,13
board,13
red,13
scream,13
help,13
mark,13
staring,13
confused,12
ceiling,12
channel,12
couple,12
recently,12
known,12
making,12
glass,12
happening,12
child,12
toy,12
evening,12
short,12
course,12
dead,12
pulled,12
absolutely,12
happy,12
ended,12
yes,12
basically,12
manager,12
halloween,12
stood,11
wrong,11
realized,11
mirror,11
grandparent,11
paralysis,11
happens,11
killed,11
question,11
podcast,11
leaving,11
telling,11
scary,11
working,11
sudden,11
thanks,11
attic,11
crazy,11
sorry,11
done,11
blue,11
mine,11
several,11
hope,11
thank,11
particular,11
cabin,11
blanket,11
begin,10
couch,10
deep,10
constantly,10
facing,10
dish,10
whole,10
hell,10
knock,10
summer,10
dining,10
along,10
due,10
encounter,10
exactly,10
quite,10
bus,10
gotten,10
normally,10
full,10
high,10
college,10
shared,10
usually,10
wind,10
ready,10
movie,10
ear,10
ouija,10
father,10
stand,10
closer,10
dress,10
fall,10
baby,10
near,10
entire,10
adam,10
activity,10
care,9
rest,9
hospital,9
matter,9
instead,9
main,9
figured,9
waited,9
hi,9
entity,9
episode,9
liked,9
beside,9
girlfriend,9
youtube,9
read,9
apparently,9
lead,9
interesting,9
ok,9
job,9
animal,9
caught,9
none,9
wearing,9
understand,9
notice,9
master,9
clearly,9
wife,9
sounded,9
laser,9
yet,9
money,9
staying,9
disappeared,9
trick,9
terrified,9
afraid,9
im,9
pale,9
stuck,9
event,8
emma,8
filled,8
lost,8
normal,8
reached,8
horse,8
convinced,8
loved,8
toward,8
spooky,8
whisper,8
doorway,8
detail,8
doctor,8
bar,8
hung,8
hard,8
yard,8
especially,8
pole,8
problem,8
neighborhood,8
hit,8
giant,8
till,8
machine,8
space,8
stared,8
already,8
son,8
safe,8
large,8
obviously,8
except,8
leg,8
screen,8
box,8
lady,8
exact,8
knowing,8
distinct,8
cool,8
easily,8
rather,8
heart,8
beginning,8
anymore,8
resident,8
bag,8
slowly,8
odd,8
sort,8
garage,8
definitely,8
gave,8
floating,8
shower,8
drop,8
guess,8
female,8
forward,8
mentioned,8
church,8
state,8
sheet,8
childhood,8
lobby,8
screaming,8
somehow,8
quick,8
arm,8
throughout,8
backyard,8
fun,8
today,8
okay,8
scare,8
tree,8
laying,8
barn,8
met,8
simply,7
grandfather,7
posted,7
nice,7
mental,7
four,7
store,7
calm,7
asking,7
randomly,7
together,7
dot,7
male,7
connected,7
nightmare,7
cold,7
turning,7
prank,7
clean,7
using,7
party,7
huge,7
finger,7
answered,7
volume,7
onto,7
listen,7
taking,7
holding,7
recording,7
den,7
quiet,7
grabbed,7
tired,7
climbing,7
form,7
upset,7
ground,7
set,7
twin,7
grew,7
eat,7
finishing,7
radio,7
swear,7
hide,7
etc,7
shortly,7
pocket,7
empty,7
buried,7
confirmed,7
pas,7
honestly,7
longer,7
reddit,7
situation,7
starting,7
wonder,7
attached,7
seem,7
others,7
clothes,7
hotel,7
sharing,7
sun,7
quickly,7
supernatural,7
funeral,7
sensed,7
apparition,7
tour,6
smoking,6
note,6
weekend,6
yelling,6
game,6
context,6
cleaning,6
spent,6
anyways,6
record,6
nowhere,6
owner,6
assumed,6
arrived,6
fallen,6
fire,6
housing,6
god,6
crate,6
joke,6
training,6
center,6
clinic,6
negative,6
guard,6
bible,6
changed,6
ft,6
somewhere,6
free,6
shelf,6
talked,6
oh,6
contact,6
speak,6
food,6
mum,6
doll,6
city,6
storage,6
company,6
direction,6
type,6
finish,6
oldest,6
caller,6
mean,6
reading,6
period,6
pay,6
laugh,6
least,6
lock,6
calling,6
yeah,6
sit,6
unexplained,6
explore,6
richard,6
student,6
housemate,6
bought,6
angry,6
favorite,6
followed,6
search,6
memory,6
original,6
hanging,6
shit,6
touched,6
passing,6
theater,6
pick,6
song,6
showed,6
washing,6
site,6
dreaming,6
breathing,6
neck,6
shoulder,6
table,6
paranoid,6
straight,5
staff,5
location,5
hurt,5
putting,5
whenever,5
follow,5
specifically,5
nearly,5
book,5
alarm,5
totally,5
broken,5
recent,5
forgot,5
silent,5
previously,5
landlady,5
grandpa,5
attention,5
cut,5
break,5
mike,5
restroom,5
originally,5
darrell,5
somebody,5
grab,5
pushed,5
previous,5
laid,5
wide,5
literally,5
annie,5
smiled,5
static,5
ill,5
team,5
fairly,5
skull,5
police,5
listened,5
continued,5
green,5
laughed,5
lay,5
lying,5
shock,5
according,5
super,5
eucalyptus,5
yell,5
skeptic,5
whoever,5
parking,5
allowed,5
mistake,5
dressed,5
staircase,5
screamed,5
imagination,5
cover,5
support,5
spot,5
focused,5
beautiful,5
soldier,5
die,5
creature,5
opening,5
spending,5
anxiety,5
orb,5
terrifying,5
corridor,5
likely,5
appeared,5
asks,5
dinner,5
overwhelming,5
fine,5
physically,5
setting,5
describe,5
discovered,5
believer,5
somewhat,5
yelled,5
funny,5
winter,5
louder,5
single,5
app,5
seriously,5
sign,5
camera,5
fact,5
rid,5
personal,5
shape,5
na,5
lifted,5
concrete,5
account,5
dont,5
reach,5
checked,5
acre,5
dropped,5
offer,5
demon,5
writing,5
fence,5
written,5
cause,5
camp,5
army,5
skateboard,5
armchair,5
pm,5
grave,5
flashlight,5
property,5
mostly,5
physical,5
chair,5
le,5
mist,5
hat,5
claimed,5
boot,5
send,5
mouth,4
construction,4
si,4
comment,4
refuse,4
chest,4
bye,4
pull,4
opinion,4
disturbed,4
clothing,4
wondered,4
visit,4
focus,4
slam,4
remembered,4
picked,4
locker,4
image,4
number,4
teacher,4
worst,4
arcade,4
daylight,4
evidence,4
ignore,4
shook,4
frozen,4
honest,4
annoyed,4
capture,4
agreed,4
nature,4
investigation,4
vibe,4
horror,4
sick,4
balloon,4
frightened,4
verse,4
serve,4
visited,4
exploring,4
racket,4
frame,4
member,4
poke,4
sleepover,4
men,4
occurrence,4
link,4
tray,4
shift,4
coworkers,4
michael,4
tractor,4
invisible,4
human,4
paper,4
mass,4
class,4
sleepwalk,4
english,4
witnessed,4
born,4
rented,4
trip,4
waved,4
froze,4
played,4
confirm,4
shot,4
midnight,4
shadowy,4
forever,4
result,4
bunch,4
shocked,4
computer,4
diana,4
health,4
eugene,4
flying,4
circle,4
perhaps,4
change,4
separate,4
flew,4
prayer,4
conversation,4
overall,4
reality,4
remote,4
streetlight,4
destroyed,4
land,4
yellow,4
skin,4
spoke,4
believing,4
earlier,4
present,4
worried,4
beam,4
simple,4
spelling,4
explaining,4
estate,4
freezing,4
christmas,4
recorded,4
panic,4
microphone,4
sits,4
television,4
rock,4
fully,4
glow,4
within,4
write,4
weather,4
knife,4
nearby,4
bless,4
cant,4
electricity,4
growing,4
atmosphere,4
stall,4
didnt,4
continues,4
deal,4
possible,4
terrible,4
lamp,4
wondering,4
adult,4
report,4
woken,4
taken,4
add,4
peter,4
entered,4
youngest,4
losing,4
snow,4
cell,4
music,4
finding,4
raised,4
paralyzed,4
nightly,4
depressed,4
smell,4
silhouette,4
squirrel,4
squealing,4
rent,4
interested,4
pattern,4
wait,4
covered,4
communicate,4
evil,4
vet,4
entrance,4
count,4
worse,4
dragged,4
messaged,4
creep,4
common,4
yesterday,4
update,4
tale,4
order,4
vivid,4
tonight,4
lucid,4
shirt,4
kinda,4
best,4
existence,4
facility,4
afternoon,4
nighttime,4
robbed,4
accident,4
response,4
became,4
irwin,4
cabinet,4
ntc,4
rumor,4
besides,4
ramp,4
national,4
appreciate,4
although,4
news,4
multiple,4
brought,4
religious,4
dental,4
chill,4
bakery,4
personally,4
bright,4
jump,4
thrown,4
sharp,4
piece,4
driveway,4
blind,3
whispered,3
movement,3
wo,3
disappearing,3
vertical,3
firework,3
malicious,3
realize,3
freak,3
continue,3
dared,3
thursday,3
sibling,3
attack,3
rattling,3
knocking,3
cigarette,3
bottom,3
burned,3
reminded,3
joined,3
threw,3
rose,3
dancing,3
example,3
leading,3
current,3
block,3
falling,3
remains,3
twirling,3
hardly,3
deploying,3
sink,3
reported,3
recognize,3
desert,3
rural,3
jumped,3
interest,3
mopping,3
pair,3
stupid,3
goosebump,3
ton,3
despite,3
pop,3
pure,3
tied,3
forgotten,3
responded,3
freaking,3
niece,3
whispering,3
panicked,3
crash,3
believed,3
impossible,3
case,3
error,3
birthday,3
color,3
regain,3
dedicated,3
knocked,3
magnet,3
chris,3
amount,3
hole,3
crawl,3
buddha,3
bookshelf,3
tentacle,3
counter,3
experiencing,3
adjacent,3
bug,3
oddly,3
usual,3
climb,3
mountain,3
smiling,3
occurred,3
familiar,3
chapter,3
violent,3
roaring,3
described,3
alive,3
listening,3
haunt,3
creeped,3
monday,3
inherited,3
style,3
friday,3
thirty,3
purposefully,3
attempt,3
truly,3
returned,3
view,3
disabled,3
acted,3
accept,3
alright,3
imagined,3
pulling,3
spooned,3
better,3
lucky,3
abandoned,3
security,3
priest,3
hopefully,3
mess,3
lately,3
anger,3
angel,3
waking,3
located,3
layout,3
deceased,3
message,3
changing,3
social,3
sold,3
level,3
scene,3
control,3
eve,3
crystal,3
owl,3
sometime,3
truth,3
supposed,3
nephew,3
void,3
bring,3
bow,3
system,3
business,3
chatting,3
non,3
closest,3
sneak,3
bother,3
protection,3
flush,3
hate,3
unexpectedly,3
musket,3
backstory,3
moon,3
chilling,3
throw,3
mad,3
belief,3
settled,3
neighbourhood,3
acting,3
instantly,3
protect,3
trace,3
missing,3
phenomenon,3
surprised,3
active,3
goodbye,3
messed,3
text,3
sent,3
guest,3
owned,3
paperwork,3
porch,3
smoke,3
senior,3
base,3
permission,3
currently,3
marked,3
broke,3
extremely,3
seek,3
sensitive,3
parked,3
gon,3
afterwards,3
alexa,3
pranking,3
actual,3
road,3
ordinary,3
rationalize,3
occasionally,3
maintenance,3
laughing,3
low,3
miss,3
twice,3
desk,3
remodeled,3
quietly,3
possibility,3
military,3
unexplainable,3
printer,3
explained,3
victorian,3
pregnant,3
taught,3
stove,3
following,3
meant,3
letting,3
shouted,3
whether,3
sofa,3
background,3
headed,3
seems,3
soul,3
column,3
cleared,3
position,3
tucked,3
preface,3
anybody,3
native,3
power,3
clairvoyant,3
ending,3
surprise,3
pant,3
return,3
flushing,3
slight,3
key,3
consider,3
bounced,3
park,3
complete,3
sir,3
intruder,3
page,3
degree,3
devil,3
group,3
nope,3
addition,3
barely,3
possibly,3
cancer,3
murdered,3
toilet,3
upper,3
clanging,3
advance,3
truck,3
sadly,3
mechanic,3
research,3
peeked,3
forget,3
lab,3
augmentee,3
american,3
stack,3
including,3
plantation,3
fair,3
surrounded,3
farm,3
lounge,3
world,3
standard,3
uncomfortable,3
leather,3
expect,3
suicide,3
iron,3
sad,3
brick,3
brings,3
history,3
sandy,3
retreated,3
pool,3
shoe,3
conditioner,3
dishwasher,3
magic,3
worker,3
gran,3
custom,3
witness,3
force,3
perfect,3
cross,3
enjoyed,3
brain,3
hot,3
named,3
upon,3
caused,3
min,3
blow,3
article,3
typical,3
remaining,3
five,3
breathe,3
occupied,3
satan,3
shutting,3
instance,3
seat,3
demanded,3
related,3
cake,3
logical,3
eating,3
reappear,3
visible,3
source,3
tight,3
based,3
certain,3
quarter,3
married,3
comfortable,3
stunned,3
rule,3
worth,3
assigned,3
footage,3
wooded,3
google,3
desperate,3
giota,2
there,2
dawned,2
damage,2
wore,2
veil,2
ya,2
assisted,2
rocking,2
wish,2
catch,2
bang,2
date,2
wrestling,2
hiding,2
necessarily,2
mention,2
dabbled,2
investigate,2
tube,2
plus,2
bench,2
protective,2
killing,2
being,2
admitted,2
examined,2
tape,2
pc,2
forth,2
loudest,2
backed,2
survive,2
information,2
spiritual,2
electrical,2
reasonable,2
finished,2
thin,2
relationship,2
appear,2
freaky,2
begun,2
november,2
uneasy,2
tapping,2
civil,2
fresh,2
war,2
egg,2
ring,2
blonde,2
self,2
posting,2
spine,2
local,2
build,2
treating,2
lower,2
occult,2
tear,2
comedian,2
metal,2
grow,2
garden,2
whistle,2
composure,2
dismissing,2
university,2
emotion,2
tease,2
tea,2
idk,2
amused,2
dr,2
believable,2
offered,2
pudding,2
silly,2
concerned,2
horrible,2
robe,2
roaming,2
mexico,2
beat,2
creak,2
ufo,2
haha,2
darkness,2
friendly,2
janitor,2
toddler,2
ac,2
decorating,2
smelling,2
six,2
divided,2
arrive,2
jimmy,2
respond,2
exhausted,2
item,2
panicking,2
uneven,2
removed,2
poltergeist,2
arriving,2
shining,2
purple,2
intense,2
ad,2
rushing,2
horrified,2
rush,2
trashed,2
joked,2
drawing,2
dy,2
edit,2
waist,2
orleans,2
rectangle,2
ritual,2
homework,2
gut,2
ate,2
concept,2
audio,2
weirder,2
crush,2
comforter,2
epilogue,2
react,2
dreamt,2
incredibly,2
beyond,2
lie,2
worn,2
larger,2
wrap,2
antenna,2
bored,2
knee,2
comedy,2
lonely,2
mix,2
film,2
assuming,2
pin,2
led,2
final,2
nurse,2
grandad,2
interrupt,2
imagine,2
horizontal,2
wet,2
enter,2
dry,2
wear,2
anywhere,2
input,2
mini,2
barking,2
science,2
crowded,2
rational,2
blur,2
leaned,2
cement,2
medium,2
farmhouse,2
noting,2
creating,2
everywhere,2
coincidental,2
gerontology,2
freeze,2
fridge,2
attachment,2
advice,2
smile,2
stronger,2
dust,2
pray,2
certainly,2
checking,2
startled,2
effect,2
uploaded,2
future,2
identify,2
shy,2
launch,2
siren,2
thats,2
tiktok,2
melody,2
utility,2
core,2
row,2
dementia,2
wash,2
barley,2
rolled,2
poster,2
distance,2
involves,2
dump,2
experiment,2
punishment,2
allow,2
alot,2
mutiple,2
technically,2
planned,2
convincing,2
sell,2
unless,2
unsure,2
request,2
captured,2
nose,2
flick,2
potentially,2
sleeper,2
round,2
brushed,2
performing,2
shu,2
ju,2
shopping,2
creepiest,2
braid,2
okey,2
downtown,2
lake,2
prove,2
scariest,2
hunting,2
phase,2
thick,2
meal,2
boarded,2
keen,2
holder,2
skip,2
pink,2
cupcake,2
plugged,2
showing,2
slamming,2
continuing,2
paused,2
bell,2
appliance,2
dreamed,2
awkward,2
rang,2
cook,2
holy,2
drink,2
extra,2
doubt,2
angle,2
fake,2
exploration,2
gopro,2
cave,2
slammed,2
filming,2
frequently,2
prankster,2
shine,2
graduation,2
spooked,2
blinked,2
folk,2
curious,2
remotely,2
determined,2
visiting,2
path,2
caretaker,2
nightgown,2
bullshit,2
aggressive,2
uniform,2
apart,2
needing,2
badly,2
chance,2
dismissed,2
resting,2
shaped,2
cloud,2
sky,2
considered,2
branch,2
sickening,2
constant,2
snapped,2
pointed,2
testimonie,2
thus,2
crevasse,2
punch,2
field,2
pillow,2
theory,2
gig,2
awhile,2
paw,2
outline,2
disappears,2
patted,2
lung,2
intention,2
burying,2
limb,2
unexpected,2
specific,2
december,2
peacefully,2
flag,2
whose,2
clay,2
essentially,2
messing,2
rachel,2
missed,2
feature,2
wherever,2
disturbance,2
fly,2
prylor,2
creaking,2
policy,2
peace,2
faded,2
giving,2
project,2
ballerina,2
peeling,2
injury,2
climber,2
courage,2
practically,2
illustrate,2
doorframe,2
struck,2
uncommon,2
committed,2
third,2
language,2
strength,2
guide,2
wrote,2
christian,2
prayed,2
partner,2
minded,2
pointing,2
track,2
roughly,2
existed,2
hallucination,2
platform,2
grateful,2
humming,2
vacation,2
helen,2
bizarre,2
jumpy,2
instinct,2
switch,2
studio,2
eight,2
shout,2
sob,2
smart,2
given,2
entirely,2
subtitle,2
crew,2
pet,2
everyday,2
wan,2
tripped,2
harry,2
alongside,2
lifetime,2
fellow,2
potter,2
fog,2
los,2
connects,2
spook,2
horn,2
biggest,2
buy,2
driving,2
fucking,2
pressure,2
sweet,2
option,2
essence,2
shuts,2
ta,2
adventurous,2
packing,2
smashed,2
peephole,2
coolest,2
rattle,2
australia,2
rude,2
sub,2
drive,2
unchanged,2
relieved,2
method,2
opposite,2
toe,2
pantry,2
act,2
taunting,2
win,2
button,2
law,2
shop,2
antique,2
skate,2
wedding,2
stomach,2
renting,2
chased,2
brief,2
danger,2
briefly,2
flicker,2
clock,2
hovering,2
stare,2
section,2
rate,2
toad,2
repeated,2
available,2
hid,2
california,2
emerged,2
clarify,2
duty,2
protected,2
avoid,2
ahead,2
apple,2
speaking,2
pit,2
carry,2
hauntedhtx,2
train,2
faintly,2
reaction,2
paint,2
sank,2
makeup,2
dm,2
imprint,2
deleted,2
tearing,2
fashioned,2
drunk,2
closure,2
flat,2
quality,2
tag,2
teenager,2
psychic,2
communicating,2
discus,2
bunk,2
curly,2
seven,2
rotation,2
intercom,2
touching,2
cloak,2
salt,2
grain,2
emotional,2
auntie,2
cashier,2
indeed,2
selfie,2
thumb,2
punching,2
failed,2
orange,2
pat,2
list,2
downtime,2
enjoy,2
lifting,2
impression,2
deployment,2
letter,2
landed,2
pitch,2
ignored,2
newspaper,2
username,2
deploy,2
string,2
fancy,2
crime,2
public,2
barrack,2
collecting,2
snap,2
strong,2
majority,2
library,2
junk,2
shed,2
typically,2
processed,2
heck,2
drawn,2
bird,2
struggled,2
collected,2
plot,2
banging,2
tattoo,2
chess,2
host,2
guardsman,2
additional,2
sergeant,2
introduced,2
disappear,2
arrested,2
condition,2
flickering,2
writer,2
credit,2
easier,2
manifest,2
recall,2
akin,2
chloe,1
mustache,1
beating,1
stoke,1
documentary,1
farming,1
fidel,1
harboured,1
featuring,1
cap,1
perspective,1
castro,1
recount,1
version,1
authentic,1
au,1
glitching,1
awoke,1
flip,1
strangest,1
paid,1
material,1
tend,1
compensation,1
dresser,1
programming,1
chosen,1
fifa,1
visual,1
blank,1
hears,1
unkempt,1
manage,1
stretching,1
exorcism,1
beard,1
authenticity,1
darker,1
scam,1
strangeness,1
serious,1
eaten,1
grayed,1
production,1
hold,1
honey,1
individual,1
leaning,1
director,1
approached,1
riverbed,1
rocky,1
court,1
biker,1
jean,1
collapsed,1
basketball,1
id,1
distinctly,1
motorcycle,1
safer,1
van,1
rental,1
beacon,1
milk,1
locate,1
mopped,1
regular,1
sunday,1
smudged,1
cupboard,1
juice,1
stadium,1
gifted,1
egged,1
gently,1
knob,1
carton,1
witch,1
random,1
saran,1
lid,1
jumping,1
device,1
checkered,1
btw,1
headphone,1
rub,1
subtle,1
dread,1
sarah,1
pupil,1
transparent,1
powerful,1
incase,1
distorting,1
searching,1
texas,1
hazily,1
reputable,1
sandra,1
legal,1
nonexistent,1
lazy,1
ppls,1
blindfolded,1
smirk,1
tennis,1
oversized,1
shes,1
guarantee,1
gear,1
earth,1
peripheral,1
dull,1
dirty,1
classmate,1
grooming,1
accent,1
turkish,1
jacket,1
sunrise,1
daring,1
figment,1
logo,1
gang,1
flashing,1
deadass,1
hiss,1
nh,1
allegation,1
escalate,1
kicking,1
planning,1
exchange,1
subscribe,1
admit,1
dearly,1
ghostbusters,1
afterlife,1
vision,1
egon,1
granddaughter,1
deny,1
diaper,1
jokingly,1
sooner,1
unknown,1
unattached,1
misunderstanding,1
taped,1
bin,1
recycle,1
pretended,1
observing,1
drenched,1
interviewed,1
sensation,1
burst,1
unexplainably,1
reduce,1
referred,1
didso,1
outta,1
beachball,1
french,1
german,1
norm,1
eager,1
laughted,1
yea,1
former,1
droppingly,1
factor,1
logically,1
proof,1
tamed,1
returning,1
ig,1
andre,1
capturing,1
mindset,1
eric,1
jaw,1
tricking,1
denied,1
referenced,1
pandemic,1
darkest,1
stagnant,1
vacuum,1
dimmed,1
difference,1
vacuuming,1
smaller,1
upright,1
footing,1
subreddit,1
kindly,1
inviting,1
narration,1
seance,1
delve,1
portal,1
chat,1
aware,1
unsolved,1
rarely,1
duo,1
judgement,1
resource,1
grade,1
outlet,1
phantom,1
muffled,1
escalated,1
drew,1
flashback,1
vintage,1
foreword,1
flash,1
glared,1
taller,1
floated,1
crossed,1
charred,1
chalk,1
patio,1
soccer,1
involved,1
summarize,1
invited,1
nine,1
grammatical,1
cloaked,1
glided,1
hated,1
dementors,1
thankfully,1
highlighted,1
loosely,1
unsettled,1
photograph,1
occasion,1
cheesy,1
experimented,1
purpose,1
accomplished,1
strangely,1
gesture,1
hallucinating,1
kicked,1
suppose,1
ideally,1
dozed,1
wormhole,1
drastically,1
attempting,1
torn,1
uttering,1
dozen,1
bravery,1
lack,1
buuuuuurn,1
choice,1
relieve,1
smash,1
proceeded,1
riled,1
swirled,1
become,1
helped,1
recounting,1
behavior,1
breather,1
lighthouse,1
pressed,1
peak,1
slightly,1
dumbfounded,1
anythings,1
intermittently,1
drove,1
reproduced,1
cleansing,1
household,1
sweat,1
progressed,1
suggestion,1
chimney,1
selfies,1
bun,1
coughing,1
piercing,1
cough,1
uncontrollably,1
roof,1
switching,1
emanating,1
darted,1
snuck,1
exemple,1
suburban,1
inevitably,1
accepted,1
testimony,1
lend,1
collab,1
artist,1
region,1
illustration,1
gateway,1
locale,1
profil,1
roadtrip,1
monster,1
appreciated,1
greatly,1
paralisis,1
content,1
p,1
credited,1
hunter,1
nickname,1
publish,1
uncut,1
colonial,1
mixup,1
fiction,1
peaked,1
index,1
web,1
escaping,1
sight,1
swiftly,1
ease,1
fearful,1
fiancée,1
wavered,1
alert,1
smith,1
intrigued,1
rear,1
bare,1
immensely,1
flowing,1
contained,1
province,1
peculiar,1
commercial,1
anniversary,1
test,1
obviousness,1
smithson,1
utmost,1
journal,1
talented,1
weight,1
mimic,1
stressed,1
receptacle,1
coin,1
floorboard,1
paneling,1
healthy,1
brown,1
richards,1
landing,1
heavier,1
creaked,1
wwf,1
forgetting,1
bulging,1
tomorrow,1
tense,1
liking,1
mentioning,1
identity,1
sale,1
determine,1
skeleton,1
babysitting,1
wwe,1
preparing,1
digging,1
crap,1
belgium,1
glad,1
nostalgic,1
advised,1
cloth,1
primary,1
crawled,1
caregiver,1
underwear,1
awaits,1
conscious,1
influenced,1
gifting,1
resentment,1
partly,1
dangerous,1
elevator,1
culture,1
considering,1
customary,1
nintendo,1
includes,1
sorting,1
belonging,1
halted,1
adding,1
homeless,1
declining,1
respectable,1
abundant,1
extended,1
collection,1
heartwarming,1
outwards,1
licking,1
fringe,1
ltc,1
stick,1
journey,1
farther,1
rafter,1
meet,1
insideness,1
buck,1
pause,1
nod,1
unwilling,1
dogsit,1
swim,1
handprints,1
mediating,1
potential,1
stereotype,1
founding,1
inflict,1
tremendous,1
hundred,1
statue,1
private,1
charming,1
winding,1
purely,1
precarious,1
gravel,1
whining,1
pissing,1
bladder,1
storie,1
nun,1
exit,1
unthinkable,1
custodian,1
nightshift,1
submission,1
witchy,1
renovation,1
impairment,1
suggests,1
cognitive,1
acute,1
gilly,1
urban,1
harm,1
spray,1
wooden,1
husky,1
hill,1
trinity,1
expressive,1
esp,1
holiday,1
decoration,1
stressful,1
noticing,1
risk,1
painted,1
seized,1
superstititous,1
catholic,1
pellet,1
nervous,1
terribly,1
cozy,1
increasingly,1
colder,1
discover,1
player,1
coffee,1
doorknob,1
evicted,1
print,1
treat,1
threatening,1
condo,1
decent,1
uncovered,1
series,1
shall,1
hosted,1
ride,1
drowsiness,1
blown,1
retrieve,1
indian,1
impressive,1
upload,1
festival,1
diwali,1
soo,1
storeroom,1
despair,1
spasm,1
goo,1
noice,1
feelingpeace,1
hartford,1
network,1
surrounding,1
hahaha,1
entering,1
spear,1
pillar,1
compared,1
pokémon,1
hugged,1
matured,1
stubble,1
cheek,1
surreal,1
worrying,1
perfectly,1
frankly,1
busy,1
blew,1
esotericism,1
favourite,1
csgo,1
mate,1
subconsciously,1
bearing,1
cartesian,1
insulated,1
tidiest,1
tidy,1
product,1
grenadine,1
proud,1
vividly,1
manifested,1
log,1
activates,1
bluetooth,1
reproduce,1
accidentally,1
lupus,1
rubbed,1
ink,1
abnormal,1
anytime,1
aunty,1
strike,1
printing,1
bestfriend,1
january,1
kissing,1
forehead,1
distraught,1
stain,1
vinegar,1
gutted,1
gaming,1
raspberry,1
messily,1
fault,1
hunch,1
file,1
added,1
prevented,1
preoccupied,1
endure,1
nuisance,1
mehas,1
rotten,1
scratch,1
sobut,1
follows,1
stalker,1
bank,1
pieced,1
methrough,1
danky,1
prepped,1
tripping,1
picky,1
boarding,1
sublet,1
disapprovingly,1
sing,1
casting,1
pavement,1
eerily,1
distract,1
mound,1
gomez,1
appearance,1
recognized,1
prohibition,1
hidden,1
gangster,1
famous,1
brothel,1
salon,1
belonged,1
presume,1
selena,1
freezer,1
matilda,1
disney,1
general,1
loner,1
accurately,1
suffer,1
unsafe,1
muse,1
fantasy,1
decorate,1
tbh,1
woah,1
grassy,1
cast,1
wild,1
confident,1
renovate,1
selling,1
charging,1
bayonet,1
description,1
telepathically,1
vast,1
graduate,1
traditional,1
happenedi,1
sep,1
spanish,1
tow,1
weapon,1
damaged,1
superstitious,1
gore,1
hardest,1
lasted,1
anitxy,1
unable,1
flowery,1
feb,1
compelling,1
truthful,1
plaque,1
stern,1
balding,1
bachelor,1
gallows,1
fabric,1
hanged,1
stealing,1
hang,1
accused,1
supposedly,1
zoomed,1
zooming,1
teeth,1
fold,1
excitement,1
easy,1
curve,1
crease,1
employee,1
centre,1
translucent,1
conference,1
trust,1
fascinated,1
haste,1
imbedded,1
inspired,1
blocking,1
faithful,1
quote,1
privacy,1
altered,1
stalling,1
confirming,1
minus,1
flooring,1
dismiss,1
choir,1
circling,1
rustling,1
nightlight,1
toon,1
bawled,1
towel,1
mile,1
themed,1
dear,1
reader,1
ventilation,1
entry,1
shhhh,1
bounce,1
giggling,1
shake,1
indulge,1
sadness,1
churchgoer,1
progressively,1
jiggle,1
accommodation,1
heartfelt,1
motion,1
collect,1
senser,1
everytime,1
pushing,1
handle,1
cop,1
jolt,1
itso,1
happiness,1
contacting,1
remarried,1
awesome,1
pain,1
kiddos,1
ceremony,1
tit,1
playful,1
curling,1
definite,1
gown,1
sigh,1
chore,1
slipped,1
lil,1
pan,1
pot,1
cabnites,1
blatantly,1
titanic,1
aggravated,1
explains,1
raincoat,1
nina,1
trouble,1
guessing,1
penelope,1
untucked,1
goose,1
bump,1
reopened,1
blame,1
vanish,1
mainly,1
gaslight,1
playroom,1
baking,1
suspect,1
vigil,1
remaines,1
mystery,1
stone,1
lose,1
hero,1
untucking,1
heading,1
sorta,1
gray,1
expecting,1
hyperlink,1
disbelief,1
sandwich,1
important,1
percent,1
vanished,1
grows,1
allowing,1
dickie,1
entertain,1
summertime,1
associate,1
avid,1
lit,1
skateboarder,1
transportation,1
drug,1
happily,1
untill,1
cowering,1
approx,1
surgery,1
minor,1
ringing,1
awoken,1
credible,1
mocking,1
wth,1
glowly,1
expanded,1
wing,1
noped,1
roll,1
effort,1
format,1
patch,1
overlap,1
parallel,1
offset,1
ranch,1
catching,1
airport,1
arrival,1
burial,1
aboriginal,1
horrorfied,1
wouldnt,1
wheni,1
toaster,1
remove,1
carcinoma,1
incounture,1
materialized,1
poli,1
cinema,1
chopped,1
massachusetts,1
worcester,1
harmless,1
spiritualist,1
agnostic,1
deceptive,1
suggested,1
juju,1
afterward,1
shadowperson,1
slid,1
mail,1
muster,1
recounted,1
swore,1
acknowledged,1
bush,1
jellyfish,1
protruding,1
likened,1
circular,1
per,1
shoot,1
mourning,1
correspondence,1
toast,1
bizzare,1
modernization,1
total,1
plante,1
cellulose,1
angeles,1
brazil,1
enthusiast,1
walter,1
balance,1
lingering,1
silver,1
realise,1
gasped,1
skirting,1
length,1
metre,1
trunk,1
online,1
relaxing,1
rare,1
phased,1
punctuation,1
grammar,1
approach,1
manor,1
anatomy,1
grey,1
bony,1
vanity,1
country,1
claw,1
rotating,1
disscription,1
doozy,1
matched,1
discribed,1
dinging,1
battaries,1
regalur,1
ten,1
georgia,1
scroll,1
fiddling,1
restart,1
roku,1
playback,1
promised,1
sleepless,1
surround,1
hurting,1
pass,1
agitated,1
complain,1
cartoon,1
moaning,1
hollered,1
mama,1
breathy,1
distressed,1
ga,1
cellphone,1
poop,1
palace,1
remained,1
recurring,1
glitched,1
typing,1
imaginary,1
exorcist,1
charm,1
catcher,1
pretend,1
mask,1
luckily,1
blink,1
chase,1
coat,1
trench,1
possessing,1
confessed,1
japanese,1
hissing,1
abruptly,1
employed,1
impatient,1
presumably,1
awful,1
audible,1
shouting,1
reluctant,1
seemingly,1
perplexed,1
pbx,1
erupted,1
heartburn,1
atheist,1
incoming,1
doorhandle,1
magician,1
rehired,1
released,1
miracle,1
lasting,1
frantic,1
suit,1
professionally,1
tap,1
sulfur,1
smelled,1
dalton,1
extremally,1
xbox,1
respect,1
sounding,1
swift,1
mucket,1
battels,1
bull,1
battle,1
dug,1
buddy,1
release,1
snicker,1
increase,1
agreement,1
offering,1
earpiece,1
buzzed,1
issued,1
dated,1
flared,1
strewn,1
panel,1
plywood,1
hinged,1
accessible,1
popcorn,1
unrelated,1
electric,1
executed,1
robbery,1
armed,1
detailed,1
stained,1
card,1
molding,1
crown,1
motif,1
wallpaper,1
ballet,1
walled,1
ladder,1
required,1
loft,1
countless,1
entirety,1
access,1
keychain,1
deck,1
handmade,1
slow,1
electronic,1
sole,1
huh,1
vaudeville,1
stagehand,1
archive,1
obsessed,1
skeptical,1
booth,1
projectionist,1
powered,1
usher,1
bloops,1
bleep,1
climbed,1
pouch,1
ornate,1
bos,1
closing,1
converted,1
ghostly,1
purported,1
surmise,1
flake,1
sized,1
lightbulb,1
dressing,1
nickel,1
buffalo,1
insanely,1
scar,1
accompanied,1
skinny,1
bodily,1
leaf,1
sunlight,1
rise,1
fight,1
rationalized,1
functional,1
posse,1
bald,1
menacing,1
lotr,1
golem,1
humanoid,1
prison,1
regardless,1
sliding,1
prisoner,1
locking,1
v,1
motioned,1
peeking,1
eulogy,1
terminal,1
treated,1
edited,1
relate,1
polo,1
attire,1
sens,1
therefore,1
exterior,1
destress,1
howling,1
glacier,1
maze,1
push,1
summit,1
hut,1
expedition,1
amazing,1
smartest,1
answering,1
mover,1
feed,1
robber,1
stopping,1
aloud,1
gladly,1
repost,1
dried,1
phee,1
realm,1
community,1
prefer,1
include,1
spare,1
tt,1
yt,1
spookies,1
user,1
butler,1
petting,1
reaching,1
abusive,1
urging,1
panicky,1
guidance,1
lighter,1
surprisingly,1
sensing,1
aimed,1
laptop,1
decide,1
ankle,1
imp,1
passerby,1
alcoholic,1
ramped,1
bogged,1
memorable,1
interact,1
impact,1
malevolent,1
register,1
element,1
anecdote,1
telephone,1
creek,1
circumstance,1
environment,1
notable,1
podcasts,1
insistent,1
river,1
county,1
condemned,1
highway,1
major,1
sadder,1
respectful,1
nay,1
illness,1
bonnet,1
abolished,1
slavery,1
respectfully,1
bowed,1
faint,1
harder,1
slave,1
spirited,1
gathering,1
neat,1
tobacco,1
historical,1
realizing,1
complication,1
unused,1
bodied,1
temporarily,1
handful,1
willing,1
gross,1
gunky,1
rapidly,1
bulk,1
loomed,1
presumed,1
mission,1
augmentation,1
bragg,1
nc,1
louisiana,1
msg,1
searched,1
supply,1
held,1
imposable,1
indigent,1
subordinate,1
wanting,1
padlock,1
hinge,1
unlock,1
assume,1
steam,1
sidewalk,1
satisfied,1
precaution,1
worry,1
equipped,1
ncoic,1
nco,1
barstow,1
luck,1
unfortunate,1
hood,1
daily,1
emerging,1
cord,1
celsius,1
temperature,1
odds,1
defy,1
trio,1
campus,1
sleepy,1
washroom,1
pee,1
slumber,1
echoed,1
interacted,1
occur,1
stretch,1
undamaged,1
unfold,1
subject,1
billiting,1
unofficial,1
attacker,1
assault,1
charged,1
beaten,1
trashing,1
dealing,1
hassle,1
showering,1
punched,1
pad,1
furthest,1
meeting,1
communion,1
joining,1
crisis,1
poor,1
apologize,1
sticher,1
amazon,1
spotify,1
mailto,1
email,1
htx,1
yall,1
subside,1
repeatedly,1
stirrup,1
shelter,1
riding,1
asthma,1
suffered,1
tragically,1
babysit,1
genuine,1
exaggerate,1
mysterious,1
ice,1
melted,1
bone,1
headlamp,1
slope,1
voluntold,1
reassigned,1
medical,1
east,1
square,1
arranged,1
setup,1
occupy,1
leader,1
civilian,1
coincided,1
upcoming,1
augments,1
opposition,1
assist,1
billeting,1
annual,1
rotational,1
inventory,1
inspection,1
load,1
shipping,1
equipment,1
meaning,1
scheduled,1
skipping,1
dirt,1
challenging,1
joy,1
learned,1
jan,1
prying,1
comforting,1
hired,1
caring,1
join,1
data,1
qualitative,1
disservice,1
inexplicable,1
strongly,1
physic,1
explainer,1
stance,1
weirdness,1
shortage,1
defend,1
thoroughly,1
dude,1
mid,1
frat,1
renter,1
loop,1
feminine,1
masculine,1
flattered,1
competition,1
cuddling,1
muscle,1
spoon,1
inexplicably,1
downward,1
mattress,1
identical,1
furnace,1
predator,1
sixth,1
suffocating,1
tiny,1
prenatal,1
tank,1
fish,1
remodel,1
reflection,1
exposed,1
narrow,1
natural,1
intensely,1
steady,1
significantly,1
significant,1
classroom,1
connection,1
shitless,1
scarier,1
scalp,1
tingling,1
eyeballing,1
perri,1
christina,1
crawlspace,1
cubby,1
cellar,1
root,1
unfinished,1
compressing,1
chose,1
flimsy,1
folded,1
engage,1
routine,1
responsible,1
junior,1
excited,1
freshman,1
uptown,1
hilarious,1
hoping,1
theremy,1
unreal,1
shattered,1
burn,1
untouched,1
regularly,1
plant,1
grass,1
bet,1
tossing,1
trampoline,1
abandon,1
affected,1
cheer,1
carrying,1
scrub,1
nurser,1
sneaker,1
footprint,1
tiptoeing,1
teased,1
discount,1
musical,1
spooning,1
swan,1
darkly,1
scanner,1
trippy,1
morphing,1
simultaneously,1
defies,1
brave,1
official,1
cliche,1
mechanical,1
jewelry,1
um,1
soaking,1
lean,1
pretending,1
pooped,1
flopped,1
us,1
exonerated,1
assimilated,1
hilariously,1
weirded,1
genuinely,1
obvious,1
joking,1
revealed,1
unborn,1
shined,1
orangey,1
explode,1
ripped,1
flipped,1
unclip,1
goodness,1
clipped,1
pocketknife,1
unmoving,1
mimicking,1
stature,1
outstretched,1
wrapper,1
candy,1
crinkly,1
warmth,1
ferocity,1
somthing,1
syrup,1
swimming,1
steep,1
riderless,1
adrenaline,1
swam,1
nebula,1
unnaturally,1
heartbeat,1
roared,1
beacause,1
raven,1
slashed,1
tiger,1
hue,1
bringing,1
happier,1
sparkler,1
arguing,1
press,1
cassette,1
switched,1
purposely,1
wiring,1
breaker,1
detached,1
violently,1
wardrobe,1
blowing,1
click,1
elm,1
accordion,1
stepped,1
generally,1
annoying,1
easter,1
rap,1
twain,1
as,1
rapping,1
toks,1
tik,1
wednesday,1
tuesday,1
kitten,1
fluffy,1
peacfully,1
bc,1
strongest,1
covid,1
stated,1
refused,1
choosing,1
helping,1
crossing,1
separation,1
monitor,1
sneaked,1
distribution,1
resume,1
ali,1
comforted,1
insane,1
gentle,1
jingle,1
nosy,1
cooking,1
plaster,1
chalked,1
verify,1
desperately,1
beneath,1
ducked,1
swung,1
windowed,1
weirdo,1
oxygen,1
hatman,1
humor,1
packed,1
lingers,1
kissed,1
utensil,1
loaf,1
bread,1
invite,1
homemade,1
urge,1
capsule,1
connecticut,1
ability,1
riley,1
hmm,1
sh,1
sprayed,1
shaking,1
throat,1
bend,1
cruel,1
choke,1
ohhh,1
ur,1
candle,1
technique,1
wont,1
ohh,1
showered,1
patient,1
tool,1
approximately,1
allows,1
sleepwalks,1
choose,1
noticeable,1
mischievous,1
groggy,1
rested,1
convince,1
silence,1
personality,1
nicest,1
happiest,1
postive,1
destroying,1
piling,1
intuition,1
loan,1
financial,1
struggle,1
council,1
decision,1
supportive,1
themsleve,1
legally,1
donated,1
destroy,1
plan,1
fianlly,1
ni,1
gaslit,1
annoy,1
investigative,1
spontaneous,1
petrified,1
viewed,1
otherwise,1
ohio,1
vermilion,1
edward,1
ward,1
april,1
apology,1
mobile,1
thirsty,1
soda,1
drinking,1
iv,1
swayed,1
replied,1
travel,1
dork,1
pile,1
wasnt,1
animating,1
byehi,1
loosing,1
relates,1
unfamiliar,1
comfort,1
exited,1
impactful,1
afford,1
tech,1
sliver,1
size,1
detects,1
professional,1
neighbour,1
village,1
vocation,1
outso,1
branching,1
ive,1
delete,1
patience,1
nah,1
orchard,1
traffic,1
vent,1
detect,1
concerning,1
suburb,1
nonsense,1
relating,1
tf,1
unfortunately,1
longest,1
nap,1
daycare,1
covering,1
sally,1
hint,1
arrives,1
frequency,1
emergency,1
slightest,1
cure,1
dipsite,1
fixed,1
dispite,1
fix,1
abuse,1
medication,1
untested,1
unneeded,1
extreme,1
keeping,1
starve,1
torture,1
disorder,1
mentally,1
fourth,1
estranged,1
sidenote,1
century,1
victoriqn,1
lookng,1
disbelieve,1
asap,1
grown,1
internet,1
goddamn,1
ai,1
greek,1
lip,1
calmed,1
rod,1
dramatic,1
rolling,1
scientific,1
inher,1
chilly,1
disagrees,1
whistling,1
ensuring,1
happend,1
lap,1
passenger,1
couldve,1
throught,1
mesh,1
rowdy,1
chillin,1
somethings,1
bronx,1
york,1
justs,1
joint,1
formatting,1
cleaned,1
relief,1
silencing,1
underneath,1
crack,1
sheer,1
motherfucker,1
teach,1
tough,1
bothered,1
speed,1
lurking,1
clatter,1
shriek,1
service,1
clinical,1
shrugged,1
leak,1
dripping,1
alley,1
placed,1
reliable,1
transfer,1
amiss,1
wandering,1
dwindle,1
questioned,1
distraction,1
distracted,1
drawer,1
babysitter,1
ridicule,1
jerk,1
dying,1
wheel,1
accommodate,1
bigger,1
divorced,1
hurry,1
couldnt,1
spun,1
sprinted,1
breathed,1
touch,1
continuously,1
consciousness,1
foggy,1
awakening,1
colby,1
sam,1
likewise,1
split,1
fed,1
resisting,1
lightning,1
dragging,1
dizzy,1
estimate,1
calming,1
intrusion,1
invaded,1
unconscious,1
created,1
drowsy,1
amazed,1
colored,1
excitedly,1
hypnotic,1
float,1
emit,1
console,1
inch,1
sneaking,1
begging,1
reoccurring,1
wavy,1
stairway,1
drier,1
breaking,1
unmistakable,1
boil,1
cheese,1
mac,1
bowl,1
interrupted,1
facetime,1
shitty,1
y,1
backup,1
disposal,1
garbage,1
foul,1
leaking,1
tone,1
iphone,1
combo,1
model,1
ihome,1
march,1
unclear,1
nana,1
clearest,1
tights,1
looke,1
